Type,Team_1,Team_2,Combined_Odds,Combined_EV,Strategy_Combo,Max_ROI
👑 鑽石級,MIA,DEN,2.2078,-0.0603603199999998,平衡型 + 鐵桶防禦,25.344999999999995
普通,MIA,MEM,2.7264999999999997,0.056791399999999825,基礎 + 鐵桶防禦,3.069806763285025
