Type,Team_1,Team_2,Combined_Odds,Combined_EV,Strategy_Combo,Max_ROI
普通,ATL,CHI,1.9599999999999997,-0.02980000000000016,穩健過濾 + 穩健過濾,2.031688311688312
普通,ATL,GSW,1.9599999999999997,-0.02980000000000027,穩健過濾 + 穩健過濾,2.031688311688312
普通,CHI,GSW,1.9599999999999997,-0.14622400000000013,穩健過濾 + 穩健過濾,2.031688311688312
