Type,Team_1,Team_2,Combined_Odds,Combined_EV,Score
💎 高價值,PHO,NOP,10.56,0.69,0.6874879999999997
💎 高價值,SAC,NOP,6.76,0.65,0.6533659999999997
💎 高價值,SAC,PHO,6.56,0.16,0.15980799999999973
