Type,Team_1,Team_2,Combined_Odds,Combined_EV,Score
💎 高價值,SAS,NYK,3.25,0.37,0.3739039999999998
💎 高價值,SAS,DET,4.2,0.32,0.3229999999999995
💎 高價值,DEN,SAS,3.44,0.27,0.27083599999999985
💎 高價值,SAS,MIA,4.0,0.26,0.2612599999999996
👑 動態黃金 (AI優化),NYK,DET,1.74,0.14,0.14491999999999972
